May or may not be a lizard#5683,0
TheHarmacist#8573,0
Toad Sageman#5278,0
Lonely Gengar#1635,0
SugrNRainbows#1607,0
ImSkyx#2045,0
Hal-bear-d#3899,0
Orange Bubbles#7933,0
Gumbo#7234,0
Chuck N. Plazma#3708,0
BLDrasm#6866,0
Hans#6021,0
qWhySoSerious#3690,0
GoodFeelsGoat#2573,0
Scrub Daddy#6011,0
LexxyDragon#9674,0
KingKhoung#5554,0
Rythm#3722,0
Stuff's Nerd Bot#7537,0
myself147#0032,0
2School4Cool#8963,1
MustardMonarch#6832,0
tide pods#2816,0
SweetPeaches69#8358,0
Kentonftw#0404,0
HellWatcher#7648,0
DezrtSkynrd#3337,0
Z3R0faith#4344,0
Vischaa#5639,0
HoonBot#7832,0
Pyras#8598,0
rakim#4347,0
CrashWinner#8297,0
Brick Shithouse#2971,0
Mizuotoki#4075,0
Hog Hole#5133,0
Ben#2702,0
Justim#4671,0
Mental#7083,0
Ercat#1989,0
Bombhealz#0992,0
splitndomez_#7080,0
Chrysopoeia#8442,0
zack#7126,0
Pipipe Lao#4738,0
Shin Akira#5267,0
Sylosin#5621,0
Primordialsurge#3692,0
A fetus throwing up gang signs#9248,0
ksutton#5773,0
Baby_Meeks#5860,0
Rythm#3722,0
carleeb#3565,0
Stuff's Nerd Bot#7537,0
2School4Cool#8963,1
Dank Memer#5192,0
melcat231#5689,0
mckmoney#2521,0
hannybananny#8534,0
Bronk#0194,0
UnderWater#7756,0
HammerOfJustice#0818,0
Gore#0066,0
YeOldeSmitty#5319,0
Sriracha97#3096,0
sahahaha#7520,0
kaitlinkline#5996,0
Dovaw#6187,0
Thycysauce8#1336,0
Shaveit501#1370,0
Meekhoff#9495,0
luigis-cum-slut#0316,0
YoungPunk#8601,0
Abs#5206,0
chaz#0314,0
Dad Bot#2189,0
prosperous404#8913,0
Kattttttt#3710,0
Ren#2489,0
Josiah#4234,0
